-- all PASS
INSERT INTO PERSON (ID,FIRSTNAME,MIDDLE,LASTNAME,TELEPHONE,ADDRESS,CITY,STATE,ZIPCODE) VALUES (10012345, 'Bobby', 'L', 'Falls', '801-234-2340','124 Middle St', 'Parker', 'IL','34566');
INSERT INTO PERSON (ID,FIRSTNAME,MIDDLE,LASTNAME,TELEPHONE,ADDRESS,CITY,STATE,ZIPCODE) VALUES (10012346, 'Jane', 'L', 'Doe', '801-234-1234','124 Mirkle St', 'Parker', 'IL','34566');
INSERT INTO PERSON (ID,FIRSTNAME,MIDDLE,LASTNAME,TELEPHONE,ADDRESS,CITY,STATE,ZIPCODE) VALUES (10012347, 'Roger', 'L', 'Pierce', '801-234-45677','124 Amera St', 'Parker', 'IL','34566');
INSERT INTO PERSON (ID,FIRSTNAME,MIDDLE,LASTNAME,TELEPHONE,ADDRESS,CITY,STATE,ZIPCODE) VALUES (10012349, 'Mark', 'B', 'Parker', '818-802-45677','815 Dale Rd', 'San Fran', 'MD','21808');
INSERT INTO PERSON (ID,FIRSTNAME,MIDDLE,LASTNAME,TELEPHONE,ADDRESS,CITY,STATE,ZIPCODE) VALUES (10012350, 'Jill', 'A', 'UMF', '818-802-45677','815 Dale Rd', 'San Fran', 'MD','21808');
INSERT INTO PERSON (ID,FIRSTNAME,MIDDLE,LASTNAME,TELEPHONE,ADDRESS,CITY,STATE,ZIPCODE) VALUES (10012351, 'Jake', 'M', 'Connor', '818-802-45677','815 Dale Rd', 'San Fran', 'MD','21808');

INSERT INTO EMPLOYEE (EMPLOYEE_ID,PASSWORD,ROLE,LAST_MODIFIED_DATE, CREATED_DATE) VALUES (10012345, '$2a$10$FZ7P7IOFQuayu1Oo6BWRHeIAK4r/Bg85Sfy0evThp.IGj5J1KH.iG', 'MANAGER', CURRENT_DATE, CURRENT_DATE);
INSERT INTO EMPLOYEE (EMPLOYEE_ID,PASSWORD,ROLE,LAST_MODIFIED_DATE, CREATED_DATE) VALUES (10012346, '$2a$10$FZ7P7IOFQuayu1Oo6BWRHeIAK4r/Bg85Sfy0evThp.IGj5J1KH.iG', 'RECEPT', CURRENT_DATE, CURRENT_DATE);
INSERT INTO EMPLOYEE (EMPLOYEE_ID,PASSWORD,ROLE,LAST_MODIFIED_DATE, CREATED_DATE) VALUES (10012347, '$2a$10$FZ7P7IOFQuayu1Oo6BWRHeIAK4r/Bg85Sfy0evThp.IGj5J1KH.iG', 'HOUSEKE', CURRENT_DATE, CURRENT_DATE);

INSERT INTO HOTEL_DETAILS(ID,DAYS_OF_OPERATION,HOURS_OF_OPERATION,SINGLE_ROOM_PRICE,DOUBLE_ROOM_PRICE,SUITE_ROOM_PRICE) VALUES (1,'SUN-SAT','7AM-11PM',40.00,60.00,90.00);

INSERT INTO ROOM(ROOM_NUM,TYPE,STATUS) VALUES (1,'SINGLE','AVAILABLE');
INSERT INTO ROOM(ROOM_NUM,TYPE,STATUS) VALUES (2,'DOUBLE','OCCUPIED');
INSERT INTO ROOM(ROOM_NUM,TYPE,STATUS) VALUES (3,'SUITE','SERVICE_REQ');
INSERT INTO ROOM(ROOM_NUM,TYPE,STATUS) VALUES (4,'SINGLE','SERVICE_IN_PROCESS');

INSERT INTO HOUSE_KEEP_TASK (TASK_ID,EMPLOYEE_ID,ROOM_NUM,TYPE,STATUS,DEADLINE_DATE,COMPLETION_DATE,CREATED_DATE) VALUES (1,10012347, 2, 'CLEANING', 'COMPLETE', CURRENT_DATE+1, CURRENT_DATE, CURRENT_DATE);
INSERT INTO HOUSE_KEEP_TASK (TASK_ID,EMPLOYEE_ID,ROOM_NUM,TYPE,STATUS,DEADLINE_DATE,COMPLETION_DATE,CREATED_DATE) VALUES (2,10012347, 4, 'CLEANING', 'IN_PROGRESS',CURRENT_DATE, NULL, CURRENT_DATE);
INSERT INTO HOUSE_KEEP_TASK (TASK_ID,EMPLOYEE_ID,ROOM_NUM,TYPE,STATUS,DEADLINE_DATE,COMPLETION_DATE,CREATED_DATE) VALUES (3,10012347, 4, 'LAUNDRY', 'IN_PROGRESS', CURRENT_DATE+1, NULL, CURRENT_DATE);
INSERT INTO HOUSE_KEEP_TASK (TASK_ID,EMPLOYEE_ID,ROOM_NUM,TYPE,STATUS,DEADLINE_DATE,COMPLETION_DATE,CREATED_DATE) VALUES (4,10012347, 3, 'CLEANING', 'PENDING', CURRENT_DATE, NULL, CURRENT_DATE);
INSERT INTO HOUSE_KEEP_TASK (TASK_ID,EMPLOYEE_ID,ROOM_NUM,TYPE,STATUS,DEADLINE_DATE,COMPLETION_DATE,CREATED_DATE) VALUES (5,NULL, 3, 'CLEANING', 'PENDING', CURRENT_DATE, NULL, CURRENT_DATE);

INSERT INTO CUSTOMER(CUST_ID,LICENSE_PLATE_NUM,EMAIL_ADDRESS,CHECKED_IN_BY,CHECKED_OUT_BY) VALUES (10012349,'C3B-DEBY','dockerPlease@gmail.com', NULL, NULL);
INSERT INTO CUSTOMER(CUST_ID,LICENSE_PLATE_NUM,EMAIL_ADDRESS,CHECKED_IN_BY,CHECKED_OUT_BY) VALUES (10012350,'C3B-8268','dockerPlease3@gmail.com', NULL, NULL);
INSERT INTO CUSTOMER(CUST_ID,LICENSE_PLATE_NUM,EMAIL_ADDRESS,CHECKED_IN_BY,CHECKED_OUT_BY) VALUES (10012351,'C3B-NGHJ','dockerPlease4@gmail.com', NULL, NULL);

INSERT INTO RESERVATION(CONFIRM_NUM,CUSTOMER_ID,ROOM_NUM,START_DATE,END_DATE,PRICE_LOCKED,DO_NOT_DISTURB,PRICE,STATUS) VALUES (12345,10012349,1, CURRENT_DATE + 2, CURRENT_DATE+7, 'Y','N',40.00,'OPEN');
INSERT INTO RESERVATION(CONFIRM_NUM,CUSTOMER_ID,ROOM_NUM,START_DATE,END_DATE,PRICE_LOCKED,DO_NOT_DISTURB,PRICE,STATUS) VALUES (12343,10012350,2, CURRENT_DATE-1, CURRENT_DATE+5, 'N','Y',60.00,'IN_PROGRESS');
INSERT INTO RESERVATION(CONFIRM_NUM,CUSTOMER_ID,ROOM_NUM,START_DATE,END_DATE,PRICE_LOCKED,DO_NOT_DISTURB,PRICE,STATUS) VALUES (12347,10012351,1, CURRENT_DATE, CURRENT_DATE+1, 'Y','Y',40.00,'OPEN');

